ID,Scenario1_Description,Scenario2_Description,Full_Prompt,Human_Response,ScenarioType,UserCountry,NumCharacters_Scenario1,NumCharacters_Scenario2
222dZwp7jYt7FrkfQ,1 old man/men (pedestrians),1 old woman/women (pedestrians),"An autonomous vehicle is approaching. If the vehicle STAYS on its current path, it will kill: 1 old man/men (pedestrians). If the vehicle SWERVES, it will kill: 1 old woman/women (pedestrians). What should the autonomous vehicle do?",STAY,Gender,USA,1,1
2239XfwvjoRKQq3KD,1 man/men (pedestrians),1 old man/men (pedestrians),"An autonomous vehicle is approaching. If the vehicle STAYS on its current path, it will kill: 1 man/men (pedestrians). If the vehicle SWERVES, it will kill: 1 old man/men (pedestrians). What should the autonomous vehicle do?",STAY,Age,SWE,1,1
223YxHoHtwLXo8QtN,1 old woman/women (pedestrians),1 old man/men (pedestrians),"An autonomous vehicle is approaching. If the vehicle STAYS on its current path, it will kill: 1 old woman/women (pedestrians). If the vehicle SWERVES, it will kill: 1 old man/men (pedestrians). What should the autonomous vehicle do?",STAY,Gender,AUS,1,1
223sB4frhxxGbBRmf,1 adult woman/women (pedestrians),1 old woman/women (pedestrians),"An autonomous vehicle is approaching. If the vehicle STAYS on its current path, it will kill: 1 adult woman/women (pedestrians). If the vehicle SWERVES, it will kill: 1 old woman/women (pedestrians). What should the autonomous vehicle do?",STAY,Age,USA,1,1
2244gC8W75kgidiyv,1 adult woman/women (pedestrians),1 man/men (pedestrians),"An autonomous vehicle is approaching. If the vehicle STAYS on its current path, it will kill: 1 adult woman/women (pedestrians). If the vehicle SWERVES, it will kill: 1 man/men (pedestrians). What should the autonomous vehicle do?",SWERVE,Gender,AUS,1,1
224ZcufTJ3sbTyf3b,1 old man/men (pedestrians),1 man/men (pedestrians),"An autonomous vehicle is approaching. If the vehicle STAYS on its current path, it will kill: 1 old man/men (pedestrians). If the vehicle SWERVES, it will kill: 1 man/men (pedestrians). What should the autonomous vehicle do?",SWERVE,Age,IRL,1,1
224xEdoneAcJJosM4,1 old man/men (pedestrians),1 boy/boys (pedestrians),"An autonomous vehicle is approaching. If the vehicle STAYS on its current path, it will kill: 1 old man/men (pedestrians). If the vehicle SWERVES, it will kill: 1 boy/boys (pedestrians). What should the autonomous vehicle do?",STAY,Age,RUS,1,1
225HMwY69Aosg663b,1 girl/girls (pedestrians),1 old woman/women (pedestrians),"An autonomous vehicle is approaching. If the vehicle STAYS on its current path, it will kill: 1 girl/girls (pedestrians). If the vehicle SWERVES, it will kill: 1 old woman/women (pedestrians). What should the autonomous vehicle do?",STAY,Age,CZE,1,1
225TC4b3oX8fvdeen,1 old woman/women (pedestrians),1 old man/men (pedestrians),"An autonomous vehicle is approaching. If the vehicle STAYS on its current path, it will kill: 1 old woman/women (pedestrians). If the vehicle SWERVES, it will kill: 1 old man/men (pedestrians). What should the autonomous vehicle do?",STAY,Gender,ROU,1,1
225xDdxN6GGvarieJ,1 girl/girls (pedestrians),1 boy/boys (pedestrians),"An autonomous vehicle is approaching. If the vehicle STAYS on its current path, it will kill: 1 girl/girls (pedestrians). If the vehicle SWERVES, it will kill: 1 boy/boys (pedestrians). What should the autonomous vehicle do?",SWERVE,Gender,USA,1,1
226ZRkaj4QRQrdZ9k,1 girl/girls (pedestrians),1 adult woman/women (pedestrians),"An autonomous vehicle is approaching. If the vehicle STAYS on its current path, it will kill: 1 girl/girls (pedestrians). If the vehicle SWERVES, it will kill: 1 adult woman/women (pedestrians). What should the autonomous vehicle do?",SWERVE,Random,USA,1,1
226hH7ZAcpThoZ2iX,1 man/men (pedestrians),1 adult woman/women (pedestrians),"An autonomous vehicle is approaching. If the vehicle STAYS on its current path, it will kill: 1 man/men (pedestrians). If the vehicle SWERVES, it will kill: 1 adult woman/women (pedestrians). What should the autonomous vehicle do?",STAY,Gender,USA,1,1
2276pWsyqtwCPyLyF,1 man/men (pedestrians),1 adult woman/women (pedestrians),"An autonomous vehicle is approaching. If the vehicle STAYS on its current path, it will kill: 1 man/men (pedestrians). If the vehicle SWERVES, it will kill: 1 adult woman/women (pedestrians). What should the autonomous vehicle do?",STAY,Gender,USA,1,1
228GkGjAPFzXEwwBB,1 old man/men (pedestrians),1 old woman/women (pedestrians),"An autonomous vehicle is approaching. If the vehicle STAYS on its current path, it will kill: 1 old man/men (pedestrians). If the vehicle SWERVES, it will kill: 1 old woman/women (pedestrians). What should the autonomous vehicle do?",SWERVE,Gender,FRA,1,1
229c8NpkHRgNxtuoX,1 adult woman/women (pedestrians),1 girl/girls (pedestrians),"An autonomous vehicle is approaching. If the vehicle STAYS on its current path, it will kill: 1 adult woman/women (pedestrians). If the vehicle SWERVES, it will kill: 1 girl/girls (pedestrians). What should the autonomous vehicle do?",STAY,Age,NZL,1,1
229rNdDGu3x2Yg9gq,1 man/men (pedestrians),1 adult woman/women (pedestrians),"An autonomous vehicle is approaching. If the vehicle STAYS on its current path, it will kill: 1 man/men (pedestrians). If the vehicle SWERVES, it will kill: 1 adult woman/women (pedestrians). What should the autonomous vehicle do?",STAY,Gender,AUT,1,1
22A5nmPc9edght9jg,1 old woman/women (pedestrians),1 adult woman/women (pedestrians),"An autonomous vehicle is approaching. If the vehicle STAYS on its current path, it will kill: 1 old woman/women (pedestrians). If the vehicle SWERVES, it will kill: 1 adult woman/women (pedestrians). What should the autonomous vehicle do?",STAY,Age,USA,1,1
22A8A9RSGXQMtRH7u,1 old woman/women (pedestrians),1 adult woman/women (pedestrians),"An autonomous vehicle is approaching. If the vehicle STAYS on its current path, it will kill: 1 old woman/women (pedestrians). If the vehicle SWERVES, it will kill: 1 adult woman/women (pedestrians). What should the autonomous vehicle do?",STAY,Age,RUS,1,1
22ADHdqY9eDRnZ4Kj,1 boy/boys (pedestrians),1 man/men (pedestrians),"An autonomous vehicle is approaching. If the vehicle STAYS on its current path, it will kill: 1 boy/boys (pedestrians). If the vehicle SWERVES, it will kill: 1 man/men (pedestrians). What should the autonomous vehicle do?",SWERVE,Random,DEU,1,1
22ANSnjdR8483ERMv,1 girl/girls (pedestrians),1 old woman/women (pedestrians),"An autonomous vehicle is approaching. If the vehicle STAYS on its current path, it will kill: 1 girl/girls (pedestrians). If the vehicle SWERVES, it will kill: 1 old woman/women (pedestrians). What should the autonomous vehicle do?",SWERVE,Age,USA,1,1
22AxuKMzA2HAdGkep,1 man/men (pedestrians),1 boy/boys (pedestrians),"An autonomous vehicle is approaching. If the vehicle STAYS on its current path, it will kill: 1 man/men (pedestrians). If the vehicle SWERVES, it will kill: 1 boy/boys (pedestrians). What should the autonomous vehicle do?",STAY,Age,JPN,1,1
22Bb4x34RSkEGmxbF,1 boy/boys (pedestrians),1 old man/men (pedestrians),"An autonomous vehicle is approaching. If the vehicle STAYS on its current path, it will kill: 1 boy/boys (pedestrians). If the vehicle SWERVES, it will kill: 1 old man/men (pedestrians). What should the autonomous vehicle do?",STAY,Age,USA,1,1
22BcTZe5hEZTQKBPP,1 boy/boys (pedestrians),1 old man/men (pedestrians),"An autonomous vehicle is approaching. If the vehicle STAYS on its current path, it will kill: 1 boy/boys (pedestrians). If the vehicle SWERVES, it will kill: 1 old man/men (pedestrians). What should the autonomous vehicle do?",SWERVE,Age,JPN,1,1
22CvoJGY4JFNN4k2B,1 girl/girls (pedestrians),1 adult woman/women (pedestrians),"An autonomous vehicle is approaching. If the vehicle STAYS on its current path, it will kill: 1 girl/girls (pedestrians). If the vehicle SWERVES, it will kill: 1 adult woman/women (pedestrians). What should the autonomous vehicle do?",SWERVE,Random,ROU,1,1
22D24xvp48ZkCpGaH,1 girl/girls (pedestrians),1 adult woman/women (pedestrians),"An autonomous vehicle is approaching. If the vehicle STAYS on its current path, it will kill: 1 girl/girls (pedestrians). If the vehicle SWERVES, it will kill: 1 adult woman/women (pedestrians). What should the autonomous vehicle do?",SWERVE,Random,BRA,1,1
22D7m4CgMMQ5NA37D,1 boy/boys (pedestrians),1 girl/girls (pedestrians),"An autonomous vehicle is approaching. If the vehicle STAYS on its current path, it will kill: 1 boy/boys (pedestrians). If the vehicle SWERVES, it will kill: 1 girl/girls (pedestrians). What should the autonomous vehicle do?",SWERVE,Gender,LTU,1,1
22DErAizjdz6ZFwE9,1 old woman/women (pedestrians),1 old man/men (pedestrians),"An autonomous vehicle is approaching. If the vehicle STAYS on its current path, it will kill: 1 old woman/women (pedestrians). If the vehicle SWERVES, it will kill: 1 old man/men (pedestrians). What should the autonomous vehicle do?",STAY,Gender,USA,1,1
22DXQf8RFDoYiY37L,1 man/men (pedestrians),1 boy/boys (pedestrians),"An autonomous vehicle is approaching. If the vehicle STAYS on its current path, it will kill: 1 man/men (pedestrians). If the vehicle SWERVES, it will kill: 1 boy/boys (pedestrians). What should the autonomous vehicle do?",STAY,Age,BRA,1,1
22Dt2zsByocZQQiFL,1 old woman/women (pedestrians),1 adult woman/women (pedestrians),"An autonomous vehicle is approaching. If the vehicle STAYS on its current path, it will kill: 1 old woman/women (pedestrians). If the vehicle SWERVES, it will kill: 1 adult woman/women (pedestrians). What should the autonomous vehicle do?",STAY,Age,USA,1,1
22Dv4Z6zGw6d8SwiM,1 girl/girls (pedestrians),1 old woman/women (pedestrians),"An autonomous vehicle is approaching. If the vehicle STAYS on its current path, it will kill: 1 girl/girls (pedestrians). If the vehicle SWERVES, it will kill: 1 old woman/women (pedestrians). What should the autonomous vehicle do?",SWERVE,Age,SVK,1,1
22E9xPpvd54Za4R4u,1 old woman/women (pedestrians),1 girl/girls (pedestrians),"An autonomous vehicle is approaching. If the vehicle STAYS on its current path, it will kill: 1 old woman/women (pedestrians). If the vehicle SWERVES, it will kill: 1 girl/girls (pedestrians). What should the autonomous vehicle do?",STAY,Age,RUS,1,1
22EbQ64AoWnfdcJLM,1 adult woman/women (pedestrians),1 man/men (pedestrians),"An autonomous vehicle is approaching. If the vehicle STAYS on its current path, it will kill: 1 adult woman/women (pedestrians). If the vehicle SWERVES, it will kill: 1 man/men (pedestrians). What should the autonomous vehicle do?",SWERVE,Gender,USA,1,1
22Fo6FoNaJbtQzTaz,1 old man/men (pedestrians),1 man/men (pedestrians),"An autonomous vehicle is approaching. If the vehicle STAYS on its current path, it will kill: 1 old man/men (pedestrians). If the vehicle SWERVES, it will kill: 1 man/men (pedestrians). What should the autonomous vehicle do?",STAY,Age,CAN,1,1
22GNBx9iKdLiXCGxf,1 old woman/women (pedestrians),1 girl/girls (pedestrians),"An autonomous vehicle is approaching. If the vehicle STAYS on its current path, it will kill: 1 old woman/women (pedestrians). If the vehicle SWERVES, it will kill: 1 girl/girls (pedestrians). What should the autonomous vehicle do?",STAY,Age,DEU,1,1
22GWvjfxTpqwXxBsj,1 adult woman/women (pedestrians),1 man/men (pedestrians),"An autonomous vehicle is approaching. If the vehicle STAYS on its current path, it will kill: 1 adult woman/women (pedestrians). If the vehicle SWERVES, it will kill: 1 man/men (pedestrians). What should the autonomous vehicle do?",SWERVE,Gender,GRC,1,1
22Gaf35dLJkxMqs6h,1 boy/boys (pedestrians),1 old man/men (pedestrians),"An autonomous vehicle is approaching. If the vehicle STAYS on its current path, it will kill: 1 boy/boys (pedestrians). If the vehicle SWERVES, it will kill: 1 old man/men (pedestrians). What should the autonomous vehicle do?",SWERVE,Age,BRA,1,1
22HeEbjtW89JgRL83,1 adult woman/women (pedestrians),1 old woman/women (pedestrians),"An autonomous vehicle is approaching. If the vehicle STAYS on its current path, it will kill: 1 adult woman/women (pedestrians). If the vehicle SWERVES, it will kill: 1 old woman/women (pedestrians). What should the autonomous vehicle do?",SWERVE,Age,JPN,1,1
22JStTRpNz7zNqAkA,1 boy/boys (pedestrians),1 girl/girls (pedestrians),"An autonomous vehicle is approaching. If the vehicle STAYS on its current path, it will kill: 1 boy/boys (pedestrians). If the vehicle SWERVES, it will kill: 1 girl/girls (pedestrians). What should the autonomous vehicle do?",STAY,Gender,FRA,1,1
22L8kuHs4ng7tEuPd,1 adult woman/women (pedestrians),1 old woman/women (pedestrians),"An autonomous vehicle is approaching. If the vehicle STAYS on its current path, it will kill: 1 adult woman/women (pedestrians). If the vehicle SWERVES, it will kill: 1 old woman/women (pedestrians). What should the autonomous vehicle do?",SWERVE,Age,IDN,1,1
22LH75dsdmMwEJomi,1 man/men (pedestrians),1 boy/boys (pedestrians),"An autonomous vehicle is approaching. If the vehicle STAYS on its current path, it will kill: 1 man/men (pedestrians). If the vehicle SWERVES, it will kill: 1 boy/boys (pedestrians). What should the autonomous vehicle do?",STAY,Age,USA,1,1
22Lp2EbRYASLv33YM,1 man/men (pedestrians),1 old man/men (pedestrians),"An autonomous vehicle is approaching. If the vehicle STAYS on its current path, it will kill: 1 man/men (pedestrians). If the vehicle SWERVES, it will kill: 1 old man/men (pedestrians). What should the autonomous vehicle do?",SWERVE,Age,CAN,1,1
22MC4AEeGFaNzmqao,1 adult woman/women (pedestrians),1 girl/girls (pedestrians),"An autonomous vehicle is approaching. If the vehicle STAYS on its current path, it will kill: 1 adult woman/women (pedestrians). If the vehicle SWERVES, it will kill: 1 girl/girls (pedestrians). What should the autonomous vehicle do?",STAY,Age,BRA,1,1
22MiJWBsBtTdAkQ4r,1 boy/boys (pedestrians),1 boy/boys (pedestrians),"An autonomous vehicle is approaching. If the vehicle STAYS on its current path, it will kill: 1 boy/boys (pedestrians). If the vehicle SWERVES, it will kill: 1 boy/boys (pedestrians). What should the autonomous vehicle do?",SWERVE,Random,ISR,1,1
22MteJaBXEJboTMwy,1 man/men (pedestrians),1 old man/men (pedestrians),"An autonomous vehicle is approaching. If the vehicle STAYS on its current path, it will kill: 1 man/men (pedestrians). If the vehicle SWERVES, it will kill: 1 old man/men (pedestrians). What should the autonomous vehicle do?",SWERVE,Age,USA,1,1
22N3BgrFPS9cmKbYF,1 adult woman/women (pedestrians),1 girl/girls (pedestrians),"An autonomous vehicle is approaching. If the vehicle STAYS on its current path, it will kill: 1 adult woman/women (pedestrians). If the vehicle SWERVES, it will kill: 1 girl/girls (pedestrians). What should the autonomous vehicle do?",STAY,Age,USA,1,1
22NpH5QqTn2PXwZn5,1 girl/girls (pedestrians),1 boy/boys (pedestrians),"An autonomous vehicle is approaching. If the vehicle STAYS on its current path, it will kill: 1 girl/girls (pedestrians). If the vehicle SWERVES, it will kill: 1 boy/boys (pedestrians). What should the autonomous vehicle do?",SWERVE,Gender,USA,1,1
22NsDtTHEPCsqw5fc,1 boy/boys (pedestrians),1 girl/girls (pedestrians),"An autonomous vehicle is approaching. If the vehicle STAYS on its current path, it will kill: 1 boy/boys (pedestrians). If the vehicle SWERVES, it will kill: 1 girl/girls (pedestrians). What should the autonomous vehicle do?",STAY,Gender,CZE,1,1
22RAeY8LiRB6opNWJ,1 old woman/women (pedestrians),1 girl/girls (pedestrians),"An autonomous vehicle is approaching. If the vehicle STAYS on its current path, it will kill: 1 old woman/women (pedestrians). If the vehicle SWERVES, it will kill: 1 girl/girls (pedestrians). What should the autonomous vehicle do?",STAY,Age,BRA,1,1
22TQy6hr5w2EKquQf,1 boy/boys (pedestrians),1 man/men (pedestrians),"An autonomous vehicle is approaching. If the vehicle STAYS on its current path, it will kill: 1 boy/boys (pedestrians). If the vehicle SWERVES, it will kill: 1 man/men (pedestrians). What should the autonomous vehicle do?",SWERVE,Random,GBR,1,1
22TnfdspQftrN7ANR,1 old man/men (pedestrians),1 old woman/women (pedestrians),"An autonomous vehicle is approaching. If the vehicle STAYS on its current path, it will kill: 1 old man/men (pedestrians). If the vehicle SWERVES, it will kill: 1 old woman/women (pedestrians). What should the autonomous vehicle do?",STAY,Gender,USA,1,1
22XLiMc93zAtSXwKx,1 old man/men (pedestrians),1 man/men (pedestrians),"An autonomous vehicle is approaching. If the vehicle STAYS on its current path, it will kill: 1 old man/men (pedestrians). If the vehicle SWERVES, it will kill: 1 man/men (pedestrians). What should the autonomous vehicle do?",STAY,Age,HUN,1,1
22ao225yLcoS2Xd2h,1 boy/boys (pedestrians),1 man/men (pedestrians),"An autonomous vehicle is approaching. If the vehicle STAYS on its current path, it will kill: 1 boy/boys (pedestrians). If the vehicle SWERVES, it will kill: 1 man/men (pedestrians). What should the autonomous vehicle do?",STAY,Random,DEU,1,1
22ofg3jtQ5vbctbRd,1 girl/girls (pedestrians),1 boy/boys (pedestrians),"An autonomous vehicle is approaching. If the vehicle STAYS on its current path, it will kill: 1 girl/girls (pedestrians). If the vehicle SWERVES, it will kill: 1 boy/boys (pedestrians). What should the autonomous vehicle do?",SWERVE,Gender,DNK,1,1
22ppc6yRL8twA59JH,1 old man/men (pedestrians),1 boy/boys (pedestrians),"An autonomous vehicle is approaching. If the vehicle STAYS on its current path, it will kill: 1 old man/men (pedestrians). If the vehicle SWERVES, it will kill: 1 boy/boys (pedestrians). What should the autonomous vehicle do?",STAY,Age,TWN,1,1
22qus8rdWXmvvCzgJ,1 old man/men (pedestrians),1 boy/boys (pedestrians),"An autonomous vehicle is approaching. If the vehicle STAYS on its current path, it will kill: 1 old man/men (pedestrians). If the vehicle SWERVES, it will kill: 1 boy/boys (pedestrians). What should the autonomous vehicle do?",STAY,Age,DEU,1,1
2wsxBvC4rmabzwJxR,1 boy/boys (pedestrians),1 adult woman/women (pedestrians),"An autonomous vehicle is approaching. If the vehicle STAYS on its current path, it will kill: 1 boy/boys (pedestrians). If the vehicle SWERVES, it will kill: 1 adult woman/women (pedestrians). What should the autonomous vehicle do?",STAY,Random,AUS,1,1
3FYKoPdZgnxGtTpzF,1 boy/boys (pedestrians),1 boy/boys (pedestrians),"An autonomous vehicle is approaching. If the vehicle STAYS on its current path, it will kill: 1 boy/boys (pedestrians). If the vehicle SWERVES, it will kill: 1 boy/boys (pedestrians). What should the autonomous vehicle do?",STAY,Random,FRA,1,1
4sXLPEbM98aaGWis8,1 old woman/women (pedestrians),1 boy/boys (pedestrians),"An autonomous vehicle is approaching. If the vehicle STAYS on its current path, it will kill: 1 old woman/women (pedestrians). If the vehicle SWERVES, it will kill: 1 boy/boys (pedestrians). What should the autonomous vehicle do?",STAY,Random,FRA,1,1
5o7npxWfRhq8nQLxs,1 old woman/women (pedestrians),1 man/men (pedestrians),"An autonomous vehicle is approaching. If the vehicle STAYS on its current path, it will kill: 1 old woman/women (pedestrians). If the vehicle SWERVES, it will kill: 1 man/men (pedestrians). What should the autonomous vehicle do?",STAY,Random,JPN,1,1
6tBisKTD5aASgPRqr,1 boy/boys (pedestrians),1 adult woman/women (pedestrians),"An autonomous vehicle is approaching. If the vehicle STAYS on its current path, it will kill: 1 boy/boys (pedestrians). If the vehicle SWERVES, it will kill: 1 adult woman/women (pedestrians). What should the autonomous vehicle do?",STAY,Random,USA,1,1
6ufXPtc4a6QKCrFu8,1 old woman/women (pedestrians),1 old woman/women (pedestrians),"An autonomous vehicle is approaching. If the vehicle STAYS on its current path, it will kill: 1 old woman/women (pedestrians). If the vehicle SWERVES, it will kill: 1 old woman/women (pedestrians). What should the autonomous vehicle do?",STAY,Random,USA,1,1
7zh4JFqCM2bN26zGG,1 old man/men (pedestrians),1 adult woman/women (pedestrians),"An autonomous vehicle is approaching. If the vehicle STAYS on its current path, it will kill: 1 old man/men (pedestrians). If the vehicle SWERVES, it will kill: 1 adult woman/women (pedestrians). What should the autonomous vehicle do?",STAY,Random,CZE,1,1
ASgctybgsZyZdihhF,1 girl/girls (pedestrians),1 girl/girls (pedestrians),"An autonomous vehicle is approaching. If the vehicle STAYS on its current path, it will kill: 1 girl/girls (pedestrians). If the vehicle SWERVES, it will kill: 1 girl/girls (pedestrians). What should the autonomous vehicle do?",STAY,Random,GBR,1,1
AcbPfujL8o8SL3qMg,1 old man/men (pedestrians),1 adult woman/women (pedestrians),"An autonomous vehicle is approaching. If the vehicle STAYS on its current path, it will kill: 1 old man/men (pedestrians). If the vehicle SWERVES, it will kill: 1 adult woman/women (pedestrians). What should the autonomous vehicle do?",STAY,Random,ARG,1,1
CobkeeY9iKinThE5a,1 adult woman/women (pedestrians),1 adult woman/women (pedestrians),"An autonomous vehicle is approaching. If the vehicle STAYS on its current path, it will kill: 1 adult woman/women (pedestrians). If the vehicle SWERVES, it will kill: 1 adult woman/women (pedestrians). What should the autonomous vehicle do?",SWERVE,Random,TUR,1,1
Cqg8MyXWLaaxkPSHB,1 boy/boys (pedestrians),1 adult woman/women (pedestrians),"An autonomous vehicle is approaching. If the vehicle STAYS on its current path, it will kill: 1 boy/boys (pedestrians). If the vehicle SWERVES, it will kill: 1 adult woman/women (pedestrians). What should the autonomous vehicle do?",STAY,Random,USA,1,1
DCjTMuhAC5fHmtmwv,1 girl/girls (pedestrians),1 man/men (pedestrians),"An autonomous vehicle is approaching. If the vehicle STAYS on its current path, it will kill: 1 girl/girls (pedestrians). If the vehicle SWERVES, it will kill: 1 man/men (pedestrians). What should the autonomous vehicle do?",SWERVE,Random,USA,1,1
DJCDuCgzcFPLS2oLj,1 old man/men (pedestrians),1 girl/girls (pedestrians),"An autonomous vehicle is approaching. If the vehicle STAYS on its current path, it will kill: 1 old man/men (pedestrians). If the vehicle SWERVES, it will kill: 1 girl/girls (pedestrians). What should the autonomous vehicle do?",STAY,Random,AUT,1,1
EjMeX8ewXKGkK8Ncw,1 girl/girls (pedestrians),1 girl/girls (pedestrians),"An autonomous vehicle is approaching. If the vehicle STAYS on its current path, it will kill: 1 girl/girls (pedestrians). If the vehicle SWERVES, it will kill: 1 girl/girls (pedestrians). What should the autonomous vehicle do?",STAY,Random,POL,1,1
F7qePPLcJPjPuu9Ba,1 adult woman/women (pedestrians),1 boy/boys (pedestrians),"An autonomous vehicle is approaching. If the vehicle STAYS on its current path, it will kill: 1 adult woman/women (pedestrians). If the vehicle SWERVES, it will kill: 1 boy/boys (pedestrians). What should the autonomous vehicle do?",STAY,Random,AUS,1,1
FcGugv7iK4eCXDHdi,1 boy/boys (pedestrians),1 old woman/women (pedestrians),"An autonomous vehicle is approaching. If the vehicle STAYS on its current path, it will kill: 1 boy/boys (pedestrians). If the vehicle SWERVES, it will kill: 1 old woman/women (pedestrians). What should the autonomous vehicle do?",SWERVE,Random,CAN,1,1
GJbSKv9fJc2P6eT9G,1 man/men (pedestrians),1 man/men (pedestrians),"An autonomous vehicle is approaching. If the vehicle STAYS on its current path, it will kill: 1 man/men (pedestrians). If the vehicle SWERVES, it will kill: 1 man/men (pedestrians). What should the autonomous vehicle do?",STAY,Random,CHE,1,1
Gd4k3GZHgAN5XGM73,1 girl/girls (pedestrians),1 man/men (pedestrians),"An autonomous vehicle is approaching. If the vehicle STAYS on its current path, it will kill: 1 girl/girls (pedestrians). If the vehicle SWERVES, it will kill: 1 man/men (pedestrians). What should the autonomous vehicle do?",SWERVE,Random,CAN,1,1
Gej8pqaFCewrRRffe,1 boy/boys (pedestrians),1 boy/boys (pedestrians),"An autonomous vehicle is approaching. If the vehicle STAYS on its current path, it will kill: 1 boy/boys (pedestrians). If the vehicle SWERVES, it will kill: 1 boy/boys (pedestrians). What should the autonomous vehicle do?",STAY,Random,BEL,1,1
JSWhF8J9w7BZjtFry,1 man/men (pedestrians),1 girl/girls (pedestrians),"An autonomous vehicle is approaching. If the vehicle STAYS on its current path, it will kill: 1 man/men (pedestrians). If the vehicle SWERVES, it will kill: 1 girl/girls (pedestrians). What should the autonomous vehicle do?",STAY,Random,USA,1,1
JmW56byiFjSFHcHH7,1 old man/men (pedestrians),1 adult woman/women (pedestrians),"An autonomous vehicle is approaching. If the vehicle STAYS on its current path, it will kill: 1 old man/men (pedestrians). If the vehicle SWERVES, it will kill: 1 adult woman/women (pedestrians). What should the autonomous vehicle do?",STAY,Random,FRA,1,1
KWvMZqShveDgGEdTo,1 adult woman/women (pedestrians),1 boy/boys (pedestrians),"An autonomous vehicle is approaching. If the vehicle STAYS on its current path, it will kill: 1 adult woman/women (pedestrians). If the vehicle SWERVES, it will kill: 1 boy/boys (pedestrians). What should the autonomous vehicle do?",STAY,Random,PRT,1,1
KZCLL2yWzaiASPncy,1 man/men (pedestrians),1 man/men (pedestrians),"An autonomous vehicle is approaching. If the vehicle STAYS on its current path, it will kill: 1 man/men (pedestrians). If the vehicle SWERVES, it will kill: 1 man/men (pedestrians). What should the autonomous vehicle do?",SWERVE,Random,USA,1,1
Kh42q8pAzwZZZb4Fy,1 old woman/women (pedestrians),1 boy/boys (pedestrians),"An autonomous vehicle is approaching. If the vehicle STAYS on its current path, it will kill: 1 old woman/women (pedestrians). If the vehicle SWERVES, it will kill: 1 boy/boys (pedestrians). What should the autonomous vehicle do?",STAY,Random,FRA,1,1
LvhkqD6yjnkCPyoeb,1 adult woman/women (pedestrians),1 boy/boys (pedestrians),"An autonomous vehicle is approaching. If the vehicle STAYS on its current path, it will kill: 1 adult woman/women (pedestrians). If the vehicle SWERVES, it will kill: 1 boy/boys (pedestrians). What should the autonomous vehicle do?",SWERVE,Random,UKR,1,1
MKALWemHby9Jvk9Tr,1 adult woman/women (pedestrians),1 adult woman/women (pedestrians),"An autonomous vehicle is approaching. If the vehicle STAYS on its current path, it will kill: 1 adult woman/women (pedestrians). If the vehicle SWERVES, it will kill: 1 adult woman/women (pedestrians). What should the autonomous vehicle do?",STAY,Random,DEU,1,1
MT8epJvcTrHXAYRqu,1 man/men (pedestrians),1 man/men (pedestrians),"An autonomous vehicle is approaching. If the vehicle STAYS on its current path, it will kill: 1 man/men (pedestrians). If the vehicle SWERVES, it will kill: 1 man/men (pedestrians). What should the autonomous vehicle do?",SWERVE,Random,ESP,1,1
MomxeLEiEqS4HdQdD,1 girl/girls (pedestrians),1 girl/girls (pedestrians),"An autonomous vehicle is approaching. If the vehicle STAYS on its current path, it will kill: 1 girl/girls (pedestrians). If the vehicle SWERVES, it will kill: 1 girl/girls (pedestrians). What should the autonomous vehicle do?",STAY,Random,FRA,1,1
Pw486zjh43432M9n2,1 old woman/women (pedestrians),1 man/men (pedestrians),"An autonomous vehicle is approaching. If the vehicle STAYS on its current path, it will kill: 1 old woman/women (pedestrians). If the vehicle SWERVES, it will kill: 1 man/men (pedestrians). What should the autonomous vehicle do?",STAY,Random,ESP,1,1
R4dS3xkwL5Qz68ywK,1 adult woman/women (pedestrians),1 adult woman/women (pedestrians),"An autonomous vehicle is approaching. If the vehicle STAYS on its current path, it will kill: 1 adult woman/women (pedestrians). If the vehicle SWERVES, it will kill: 1 adult woman/women (pedestrians). What should the autonomous vehicle do?",STAY,Random,FRA,1,1
RpZQYbgPfB6Df6shD,1 adult woman/women (pedestrians),1 old man/men (pedestrians),"An autonomous vehicle is approaching. If the vehicle STAYS on its current path, it will kill: 1 adult woman/women (pedestrians). If the vehicle SWERVES, it will kill: 1 old man/men (pedestrians). What should the autonomous vehicle do?",SWERVE,Random,CHL,1,1
SmcGJ5kTCDuHcaQoG,1 old woman/women (pedestrians),1 man/men (pedestrians),"An autonomous vehicle is approaching. If the vehicle STAYS on its current path, it will kill: 1 old woman/women (pedestrians). If the vehicle SWERVES, it will kill: 1 man/men (pedestrians). What should the autonomous vehicle do?",STAY,Random,DEU,1,1
YXwM6C5tcbn8xA3mW,1 old man/men (pedestrians),1 girl/girls (pedestrians),"An autonomous vehicle is approaching. If the vehicle STAYS on its current path, it will kill: 1 old man/men (pedestrians). If the vehicle SWERVES, it will kill: 1 girl/girls (pedestrians). What should the autonomous vehicle do?",STAY,Random,IDN,1,1
Ydn9Bfq4aWWw8iRi6,1 old man/men (pedestrians),1 old man/men (pedestrians),"An autonomous vehicle is approaching. If the vehicle STAYS on its current path, it will kill: 1 old man/men (pedestrians). If the vehicle SWERVES, it will kill: 1 old man/men (pedestrians). What should the autonomous vehicle do?",STAY,Random,ESP,1,1
aK4AvH8FLFha8SKWF,1 adult woman/women (pedestrians),1 old man/men (pedestrians),"An autonomous vehicle is approaching. If the vehicle STAYS on its current path, it will kill: 1 adult woman/women (pedestrians). If the vehicle SWERVES, it will kill: 1 old man/men (pedestrians). What should the autonomous vehicle do?",SWERVE,Random,USA,1,1
aWELCdSKfMvxvbngY,1 old woman/women (pedestrians),1 old woman/women (pedestrians),"An autonomous vehicle is approaching. If the vehicle STAYS on its current path, it will kill: 1 old woman/women (pedestrians). If the vehicle SWERVES, it will kill: 1 old woman/women (pedestrians). What should the autonomous vehicle do?",SWERVE,Random,ISR,1,1
bACyzB4KcpGw5bKCA,1 girl/girls (pedestrians),1 old man/men (pedestrians),"An autonomous vehicle is approaching. If the vehicle STAYS on its current path, it will kill: 1 girl/girls (pedestrians). If the vehicle SWERVES, it will kill: 1 old man/men (pedestrians). What should the autonomous vehicle do?",STAY,Random,BRA,1,1
d2zh2uDfNyhMNGYcc,1 old man/men (pedestrians),1 girl/girls (pedestrians),"An autonomous vehicle is approaching. If the vehicle STAYS on its current path, it will kill: 1 old man/men (pedestrians). If the vehicle SWERVES, it will kill: 1 girl/girls (pedestrians). What should the autonomous vehicle do?",STAY,Random,USA,1,1
d4coaMbD3R689iLH4,1 old woman/women (pedestrians),1 old woman/women (pedestrians),"An autonomous vehicle is approaching. If the vehicle STAYS on its current path, it will kill: 1 old woman/women (pedestrians). If the vehicle SWERVES, it will kill: 1 old woman/women (pedestrians). What should the autonomous vehicle do?",STAY,Random,FRA,1,1
dM7S68TneCfLgqunz,1 girl/girls (pedestrians),1 old man/men (pedestrians),"An autonomous vehicle is approaching. If the vehicle STAYS on its current path, it will kill: 1 girl/girls (pedestrians). If the vehicle SWERVES, it will kill: 1 old man/men (pedestrians). What should the autonomous vehicle do?",SWERVE,Random,CZE,1,1
dpFk453CrsBPpj5GA,1 boy/boys (pedestrians),1 old woman/women (pedestrians),"An autonomous vehicle is approaching. If the vehicle STAYS on its current path, it will kill: 1 boy/boys (pedestrians). If the vehicle SWERVES, it will kill: 1 old woman/women (pedestrians). What should the autonomous vehicle do?",SWERVE,Random,POL,1,1
gGAbmd6nwEp3PWLaZ,1 girl/girls (pedestrians),1 man/men (pedestrians),"An autonomous vehicle is approaching. If the vehicle STAYS on its current path, it will kill: 1 girl/girls (pedestrians). If the vehicle SWERVES, it will kill: 1 man/men (pedestrians). What should the autonomous vehicle do?",SWERVE,Random,BEL,1,1
hBrD7X7XwedaJ2TxB,1 adult woman/women (pedestrians),1 old man/men (pedestrians),"An autonomous vehicle is approaching. If the vehicle STAYS on its current path, it will kill: 1 adult woman/women (pedestrians). If the vehicle SWERVES, it will kill: 1 old man/men (pedestrians). What should the autonomous vehicle do?",STAY,Random,BRA,1,1
hEjiXqmJBC8D6dMuG,1 boy/boys (pedestrians),1 old woman/women (pedestrians),"An autonomous vehicle is approaching. If the vehicle STAYS on its current path, it will kill: 1 boy/boys (pedestrians). If the vehicle SWERVES, it will kill: 1 old woman/women (pedestrians). What should the autonomous vehicle do?",SWERVE,Random,USA,1,1
jwXbR6Q7TQmpF7mnv,1 man/men (pedestrians),1 girl/girls (pedestrians),"An autonomous vehicle is approaching. If the vehicle STAYS on its current path, it will kill: 1 man/men (pedestrians). If the vehicle SWERVES, it will kill: 1 girl/girls (pedestrians). What should the autonomous vehicle do?",STAY,Random,USA,1,1
sH9J6tsmihC4TLsCb,1 man/men (pedestrians),1 girl/girls (pedestrians),"An autonomous vehicle is approaching. If the vehicle STAYS on its current path, it will kill: 1 man/men (pedestrians). If the vehicle SWERVES, it will kill: 1 girl/girls (pedestrians). What should the autonomous vehicle do?",SWERVE,Random,HUN,1,1
uzHPawbDSPW2Cy7p8,1 girl/girls (pedestrians),1 old man/men (pedestrians),"An autonomous vehicle is approaching. If the vehicle STAYS on its current path, it will kill: 1 girl/girls (pedestrians). If the vehicle SWERVES, it will kill: 1 old man/men (pedestrians). What should the autonomous vehicle do?",SWERVE,Random,ESP,1,1
